[
	{
		"model": "patients.patient",
		"pk": 1,
		"fields": {
			"first_name": "Alice",
			"middle_name": "",
			"last_name": "Smith",
			"date_of_birth": "1985-07-12",
			"status": "active",
			"last_visit": "2023-12-15",
			"ready_to_discharge": false,
			"created_at": "2023-01-01T00:00:00Z",
			"updated_at": "2023-12-15T00:00:00Z"
		}
	},
	{
		"model": "patients.address",
		"pk": 1,
		"fields": {
			"patient": 1,
			"address_line1": "123 Main St",
			"address_line2": "",
			"city": "Springfield",
			"state": "IL",
			"postal_code": "62701"
		}
	},
	{
		"model": "patients.isiscore",
		"pk": 1,
		"fields": {
			"patient": 1,
			"score": 15,
			"date": "2023-12-15"
		}
	},
	{
		"model": "patients.patient",
		"pk": 2,
		"fields": {
			"first_name": "Benjamin",
			"middle_name": "T.",
			"last_name": "Lee",
			"date_of_birth": "1990-03-05",
			"status": "onboarding",
			"last_visit": "2023-12-10",
			"ready_to_discharge": false,
			"created_at": "2023-02-01T00:00:00Z",
			"updated_at": "2023-12-10T00:00:00Z"
		}
	},
	{
		"model": "patients.address",
		"pk": 2,
		"fields": {
			"patient": 2,
			"address_line1": "456 Oak Avenue",
			"address_line2": "Apt 3B",
			"city": "Portland",
			"state": "OR",
			"postal_code": "97205"
		}
	},
	{
		"model": "patients.isiscore",
		"pk": 2,
		"fields": {
			"patient": 2,
			"score": 20,
			"date": "2023-12-10"
		}
	},
	{
		"model": "patients.patient",
		"pk": 3,
		"fields": {
			"first_name": "Carla",
			"middle_name": "M.",
			"last_name": "Gonzalez",
			"date_of_birth": "1978-11-22",
			"status": "active",
			"last_visit": "2023-12-05",
			"ready_to_discharge": false,
			"created_at": "2023-03-01T00:00:00Z",
			"updated_at": "2023-12-05T00:00:00Z"
		}
	},
	{
		"model": "patients.address",
		"pk": 3,
		"fields": {
			"patient": 3,
			"address_line1": "789 Pine Road",
			"address_line2": "",
			"city": "Austin",
			"state": "TX",
			"postal_code": "73301"
		}
	},
	{
		"model": "patients.isiscore",
		"pk": 3,
		"fields": {
			"patient": 3,
			"score": 10,
			"date": "2023-12-05"
		}
	},
	{
		"model": "patients.patient",
		"pk": 4,
		"fields": {
			"first_name": "David",
			"middle_name": "",
			"last_name": "Wilson",
			"date_of_birth": "1992-04-15",
			"status": "active",
			"last_visit": "2023-12-01",
			"ready_to_discharge": true,
			"created_at": "2023-04-01T00:00:00Z",
			"updated_at": "2023-12-01T00:00:00Z"
		}
	},
	{
		"model": "patients.address",
		"pk": 4,
		"fields": {
			"patient": 4,
			"address_line1": "101 Lake View Dr",
			"address_line2": "",
			"city": "Seattle",
			"state": "WA",
			"postal_code": "98101"
		}
	},
	{
		"model": "patients.isiscore",
		"pk": 4,
		"fields": {
			"patient": 4,
			"score": 8,
			"date": "2023-12-01"
		}
	},
	{
		"model": "patients.patient",
		"pk": 5,
		"fields": {
			"first_name": "Emma",
			"middle_name": "J.",
			"last_name": "Brown",
			"date_of_birth": "1988-09-23",
			"status": "churned",
			"last_visit": "2023-11-15",
			"ready_to_discharge": false,
			"created_at": "2023-05-01T00:00:00Z",
			"updated_at": "2023-11-15T00:00:00Z"
		}
	},
	{
		"model": "patients.address",
		"pk": 5,
		"fields": {
			"patient": 5,
			"address_line1": "202 Hill St",
			"address_line2": "Apt 5D",
			"city": "Boston",
			"state": "MA",
			"postal_code": "02108"
		}
	},
	{
		"model": "patients.isiscore",
		"pk": 5,
		"fields": {
			"patient": 5,
			"score": 18,
			"date": "2023-11-15"
		}
	},
	{
		"model": "patients.patient",
		"pk": 6,
		"fields": {
			"first_name": "Frank",
			"middle_name": "",
			"last_name": "Miller",
			"date_of_birth": "1975-12-30",
			"status": "inquiry",
			"last_visit": null,
			"ready_to_discharge": false,
			"created_at": "2023-12-01T00:00:00Z",
			"updated_at": "2023-12-01T00:00:00Z"
		}
	},
	{
		"model": "patients.address",
		"pk": 6,
		"fields": {
			"patient": 6,
			"address_line1": "303 Beach Rd",
			"address_line2": "",
			"city": "Miami",
			"state": "FL",
			"postal_code": "33101"
		}
	},
	{
		"model": "patients.isiscore",
		"pk": 6,
		"fields": {
			"patient": 6,
			"score": 22,
			"date": "2023-12-01"
		}
	},
	{
		"model": "patients.patient",
		"pk": 7,
		"fields": {
			"first_name": "Grace",
			"middle_name": "E.",
			"last_name": "Taylor",
			"date_of_birth": "1995-03-18",
			"status": "onboarding",
			"last_visit": "2023-12-12",
			"ready_to_discharge": false,
			"created_at": "2023-11-01T00:00:00Z",
			"updated_at": "2023-12-12T00:00:00Z"
		}
	},
	{
		"model": "patients.address",
		"pk": 7,
		"fields": {
			"patient": 7,
			"address_line1": "404 Mountain View",
			"address_line2": "Suite 300",
			"city": "Denver",
			"state": "CO",
			"postal_code": "80202"
		}
	},
	{
		"model": "patients.isiscore",
		"pk": 7,
		"fields": {
			"patient": 7,
			"score": 14,
			"date": "2023-12-12"
		}
	},
	{
		"model": "patients.patient",
		"pk": 8,
		"fields": {
			"first_name": "Henry",
			"middle_name": "K.",
			"last_name": "Anderson",
			"date_of_birth": "1980-07-07",
			"status": "active",
			"last_visit": "2023-12-08",
			"ready_to_discharge": false,
			"created_at": "2023-06-01T00:00:00Z",
			"updated_at": "2023-12-08T00:00:00Z"
		}
	},
	{
		"model": "patients.address",
		"pk": 8,
		"fields": {
			"patient": 8,
			"address_line1": "505 River Lane",
			"address_line2": "",
			"city": "Nashville",
			"state": "TN",
			"postal_code": "37201"
		}
	},
	{
		"model": "patients.isiscore",
		"pk": 8,
		"fields": {
			"patient": 8,
			"score": 16,
			"date": "2023-12-08"
		}
	},
	{
		"model": "patients.patient",
		"pk": 9,
		"fields": {
			"first_name": "Isabella",
			"middle_name": "",
			"last_name": "Garcia",
			"date_of_birth": "1993-11-11",
			"status": "active",
			"last_visit": "2023-12-14",
			"ready_to_discharge": false,
			"created_at": "2023-07-01T00:00:00Z",
			"updated_at": "2023-12-14T00:00:00Z"
		}
	},
	{
		"model": "patients.address",
		"pk": 9,
		"fields": {
			"patient": 9,
			"address_line1": "606 Valley Dr",
			"address_line2": "Apt 12B",
			"city": "Phoenix",
			"state": "AZ",
			"postal_code": "85001"
		}
	},
	{
		"model": "patients.isiscore",
		"pk": 9,
		"fields": {
			"patient": 9,
			"score": 12,
			"date": "2023-12-14"
		}
	},
	{
		"model": "patients.patient",
		"pk": 10,
		"fields": {
			"first_name": "James",
			"middle_name": "R.",
			"last_name": "Thompson",
			"date_of_birth": "1987-02-28",
			"status": "churned",
			"last_visit": "2023-11-20",
			"ready_to_discharge": false,
			"created_at": "2023-08-01T00:00:00Z",
			"updated_at": "2023-11-20T00:00:00Z"
		}
	},
	{
		"model": "patients.address",
		"pk": 10,
		"fields": {
			"patient": 10,
			"address_line1": "707 Forest Ave",
			"address_line2": "",
			"city": "Las Vegas",
			"state": "NV",
			"postal_code": "89101"
		}
	},
	{
		"model": "patients.isiscore",
		"pk": 10,
		"fields": {
			"patient": 10,
			"score": 19,
			"date": "2023-11-20"
		}
	},
	{
		"model": "patients.patient",
		"pk": 11,
		"fields": {
			"first_name": "Katherine",
			"middle_name": "A.",
			"last_name": "White",
			"date_of_birth": "1991-06-14",
			"status": "active",
			"last_visit": "2023-12-13",
			"ready_to_discharge": false,
			"created_at": "2023-09-01T00:00:00Z",
			"updated_at": "2023-12-13T00:00:00Z"
		}
	},
	{
		"model": "patients.address",
		"pk": 11,
		"fields": {
			"patient": 11,
			"address_line1": "808 Sunset Blvd",
			"address_line2": "Unit 7",
			"city": "Los Angeles",
			"state": "CA",
			"postal_code": "90001"
		}
	},
	{
		"model": "patients.isiscore",
		"pk": 11,
		"fields": {
			"patient": 11,
			"score": 11,
			"date": "2023-12-13"
		}
	},
	{
		"model": "patients.patient",
		"pk": 12,
		"fields": {
			"first_name": "Liam",
			"middle_name": "",
			"last_name": "Murphy",
			"date_of_birth": "1983-08-19",
			"status": "onboarding",
			"last_visit": "2023-12-11",
			"ready_to_discharge": false,
			"created_at": "2023-10-01T00:00:00Z",
			"updated_at": "2023-12-11T00:00:00Z"
		}
	},
	{
		"model": "patients.address",
		"pk": 12,
		"fields": {
			"patient": 12,
			"address_line1": "909 Harbor View",
			"address_line2": "",
			"city": "San Diego",
			"state": "CA",
			"postal_code": "92101"
		}
	},
	{
		"model": "patients.isiscore",
		"pk": 12,
		"fields": {
			"patient": 12,
			"score": 13,
			"date": "2023-12-11"
		}
	},
	{
		"model": "patients.patient",
		"pk": 13,
		"fields": {
			"first_name": "Maria",
			"middle_name": "L.",
			"last_name": "Rodriguez",
			"date_of_birth": "1989-10-05",
			"status": "active",
			"last_visit": "2023-12-07",
			"ready_to_discharge": true,
			"created_at": "2023-05-15T00:00:00Z",
			"updated_at": "2023-12-07T00:00:00Z"
		}
	},
	{
		"model": "patients.address",
		"pk": 13,
		"fields": {
			"patient": 13,
			"address_line1": "1010 Palm St",
			"address_line2": "Apt 3C",
			"city": "Houston",
			"state": "TX",
			"postal_code": "77001"
		}
	},
	{
		"model": "patients.isiscore",
		"pk": 13,
		"fields": {
			"patient": 13,
			"score": 7,
			"date": "2023-12-07"
		}
	},
	{
		"model": "patients.patient",
		"pk": 14,
		"fields": {
			"first_name": "Nathan",
			"middle_name": "B.",
			"last_name": "Clark",
			"date_of_birth": "1976-12-25",
			"status": "inquiry",
			"last_visit": null,
			"ready_to_discharge": false,
			"created_at": "2023-12-10T00:00:00Z",
			"updated_at": "2023-12-10T00:00:00Z"
		}
	},
	{
		"model": "patients.address",
		"pk": 14,
		"fields": {
			"patient": 14,
			"address_line1": "1111 Meadow Lane",
			"address_line2": "",
			"city": "Atlanta",
			"state": "GA",
			"postal_code": "30301"
		}
	},
	{
		"model": "patients.isiscore",
		"pk": 14,
		"fields": {
			"patient": 14,
			"score": 21,
			"date": "2023-12-10"
		}
	},
	{
		"model": "patients.patient",
		"pk": 15,
		"fields": {
			"first_name": "Olivia",
			"middle_name": "S.",
			"last_name": "Martinez",
			"date_of_birth": "1994-05-30",
			"status": "active",
			"last_visit": "2023-12-06",
			"ready_to_discharge": false,
			"created_at": "2023-06-20T00:00:00Z",
			"updated_at": "2023-12-06T00:00:00Z"
		}
	},
	{
		"model": "patients.address",
		"pk": 15,
		"fields": {
			"patient": 15,
			"address_line1": "1212 Ocean Dr",
			"address_line2": "Suite 400",
			"city": "San Francisco",
			"state": "CA",
			"postal_code": "94102"
		}
	},
	{
		"model": "patients.isiscore",
		"pk": 15,
		"fields": {
			"patient": 15,
			"score": 15,
			"date": "2023-12-06"
		}
	},
	{
		"model": "patients.patient",
		"pk": 16,
		"fields": {
			"first_name": "Patrick",
			"middle_name": "",
			"last_name": "O'Brien",
			"date_of_birth": "1982-01-15",
			"status": "churned",
			"last_visit": "2023-11-25",
			"ready_to_discharge": false,
			"created_at": "2023-07-10T00:00:00Z",
			"updated_at": "2023-11-25T00:00:00Z"
		}
	},
	{
		"model": "patients.address",
		"pk": 16,
		"fields": {
			"patient": 16,
			"address_line1": "1313 Highland Ave",
			"address_line2": "",
			"city": "Chicago",
			"state": "IL",
			"postal_code": "60601"
		}
	},
	{
		"model": "patients.isiscore",
		"pk": 16,
		"fields": {
			"patient": 16,
			"score": 17,
			"date": "2023-11-25"
		}
	},
	{
		"model": "patients.patient",
		"pk": 17,
		"fields": {
			"first_name": "Rachel",
			"middle_name": "D.",
			"last_name": "Turner",
			"date_of_birth": "1986-04-08",
			"status": "active",
			"last_visit": "2023-12-04",
			"ready_to_discharge": false,
			"created_at": "2023-08-15T00:00:00Z",
			"updated_at": "2023-12-04T00:00:00Z"
		}
	},
	{
		"model": "patients.address",
		"pk": 17,
		"fields": {
			"patient": 17,
			"address_line1": "1414 Maple St",
			"address_line2": "Apt 8E",
			"city": "Philadelphia",
			"state": "PA",
			"postal_code": "19101"
		}
	},
	{
		"model": "patients.isiscore",
		"pk": 17,
		"fields": {
			"patient": 17,
			"score": 14,
			"date": "2023-12-04"
		}
	},
	{
		"model": "patients.patient",
		"pk": 18,
		"fields": {
			"first_name": "Samuel",
			"middle_name": "H.",
			"last_name": "Cooper",
			"date_of_birth": "1979-09-20",
			"status": "onboarding",
			"last_visit": "2023-12-09",
			"ready_to_discharge": false,
			"created_at": "2023-11-15T00:00:00Z",
			"updated_at": "2023-12-09T00:00:00Z"
		}
	},
	{
		"model": "patients.address",
		"pk": 18,
		"fields": {
			"patient": 18,
			"address_line1": "1515 Cedar Lane",
			"address_line2": "",
			"city": "Dallas",
			"state": "TX",
			"postal_code": "75201"
		}
	},
	{
		"model": "patients.isiscore",
		"pk": 18,
		"fields": {
			"patient": 18,
			"score": 16,
			"date": "2023-12-09"
		}
	},
	{
		"model": "patients.patient",
		"pk": 19,
		"fields": {
			"first_name": "Tara",
			"middle_name": "",
			"last_name": "Patel",
			"date_of_birth": "1997-07-03",
			"status": "inquiry",
			"last_visit": null,
			"ready_to_discharge": false,
			"created_at": "2023-12-12T00:00:00Z",
			"updated_at": "2023-12-12T00:00:00Z"
		}
	},
	{
		"model": "patients.address",
		"pk": 19,
		"fields": {
			"patient": 19,
			"address_line1": "1616 Willow Way",
			"address_line2": "Unit 9",
			"city": "Detroit",
			"state": "MI",
			"postal_code": "48201"
		}
	},
	{
		"model": "patients.isiscore",
		"pk": 19,
		"fields": {
			"patient": 19,
			"score": 23,
			"date": "2023-12-12"
		}
	},
	{
		"model": "patients.patient",
		"pk": 20,
		"fields": {
			"first_name": "William",
			"middle_name": "F.",
			"last_name": "Baker",
			"date_of_birth": "1984-03-27",
			"status": "active",
			"last_visit": "2023-12-03",
			"ready_to_discharge": true,
			"created_at": "2023-04-10T00:00:00Z",
			"updated_at": "2023-12-03T00:00:00Z"
		}
	},
	{
		"model": "patients.address",
		"pk": 20,
		"fields": {
			"patient": 20,
			"address_line1": "1717 Birch Blvd",
			"address_line2": "",
			"city": "Minneapolis",
			"state": "MN",
			"postal_code": "55401"
		}
	},
	{
		"model": "patients.isiscore",
		"pk": 20,
		"fields": {
			"patient": 20,
			"score": 9,
			"date": "2023-12-03"
		}
	},
	{
		"model": "patients.patient",
		"pk": 21,
		"fields": {
			"first_name": "Xander",
			"middle_name": "P.",
			"last_name": "Wright",
			"date_of_birth": "1996-08-16",
			"status": "active",
			"last_visit": "2023-12-02",
			"ready_to_discharge": false,
			"created_at": "2023-05-05T00:00:00Z",
			"updated_at": "2023-12-02T00:00:00Z"
		}
	},
	{
		"model": "patients.address",
		"pk": 21,
		"fields": {
			"patient": 21,
			"address_line1": "1818 Spruce St",
			"address_line2": "Apt 11D",
			"city": "Sacramento",
			"state": "CA",
			"postal_code": "95814"
		}
	},
	{
		"model": "patients.isiscore",
		"pk": 21,
		"fields": {
			"patient": 21,
			"score": 13,
			"date": "2023-12-02"
		}
	},
	{
		"model": "patients.patient",
		"pk": 22,
		"fields": {
			"first_name": "Yuki",
			"middle_name": "",
			"last_name": "Tanaka",
			"date_of_birth": "1993-12-01",
			"status": "onboarding",
			"last_visit": "2023-12-16",
			"ready_to_discharge": false,
			"created_at": "2023-11-20T00:00:00Z",
			"updated_at": "2023-12-16T00:00:00Z"
		}
	},
	{
		"model": "patients.address",
		"pk": 22,
		"fields": {
			"patient": 22,
			"address_line1": "1919 Cherry Lane",
			"address_line2": "",
			"city": "Honolulu",
			"state": "HI",
			"postal_code": "96813"
		}
	},
	{
		"model": "patients.isiscore",
		"pk": 22,
		"fields": {
			"patient": 22,
			"score": 18,
			"date": "2023-12-16"
		}
	},
	{
		"model": "patients.patient",
		"pk": 23,
		"fields": {
			"first_name": "Zoe",
			"middle_name": "C.",
			"last_name": "Adams",
			"date_of_birth": "1988-11-09",
			"status": "churned",
			"last_visit": "2023-11-30",
			"ready_to_discharge": false,
			"created_at": "2023-06-25T00:00:00Z",
			"updated_at": "2023-11-30T00:00:00Z"
		}
	},
	{
		"model": "patients.address",
		"pk": 23,
		"fields": {
			"patient": 23,
			"address_line1": "2020 Elm Court",
			"address_line2": "Suite 500",
			"city": "Salt Lake City",
			"state": "UT",
			"postal_code": "84101"
		}
	},
	{
		"model": "patients.isiscore",
		"pk": 23,
		"fields": {
			"patient": 23,
			"score": 20,
			"date": "2023-11-30"
		}
	},
	{
		"model": "patients.patient",
		"pk": 24,
		"fields": {
			"first_name": "Aaron",
			"middle_name": "M.",
			"last_name": "Chen",
			"date_of_birth": "1992-02-14",
			"status": "active",
			"last_visit": "2023-12-17",
			"ready_to_discharge": false,
			"created_at": "2023-07-15T00:00:00Z",
			"updated_at": "2023-12-17T00:00:00Z"
		}
	},
	{
		"model": "patients.address",
		"pk": 24,
		"fields": {
			"patient": 24,
			"address_line1": "2121 Oak Ridge",
			"address_line2": "Apt 4F",
			"city": "San Jose",
			"state": "CA",
			"postal_code": "95101"
		}
	},
	{
		"model": "patients.isiscore",
		"pk": 24,
		"fields": {
			"patient": 24,
			"score": 12,
			"date": "2023-12-17"
		}
	},
	{
		"model": "patients.patient",
		"pk": 25,
		"fields": {
			"first_name": "Bella",
			"middle_name": "",
			"last_name": "Kim",
			"date_of_birth": "1995-05-22",
			"status": "onboarding",
			"last_visit": "2023-12-18",
			"ready_to_discharge": false,
			"created_at": "2023-12-01T00:00:00Z",
			"updated_at": "2023-12-18T00:00:00Z"
		}
	},
	{
		"model": "patients.address",
		"pk": 25,
		"fields": {
			"patient": 25,
			"address_line1": "2222 Pine Grove",
			"address_line2": "",
			"city": "Orlando",
			"state": "FL",
			"postal_code": "32801"
		}
	},
	{
		"model": "patients.patient",
		"pk": 26,
		"fields": {
			"first_name": "Caleb",
			"middle_name": "J.",
			"last_name": "Nguyen",
			"date_of_birth": "1987-09-30",
			"status": "active",
			"last_visit": "2023-12-19",
			"ready_to_discharge": false,
			"created_at": "2023-08-20T00:00:00Z",
			"updated_at": "2023-12-19T00:00:00Z"
		}
	},
	{
		"model": "patients.isiscore",
		"pk": 26,
		"fields": {
			"patient": 26,
			"score": 14,
			"date": "2023-12-19"
		}
	},
	{
		"model": "patients.patient",
		"pk": 27,
		"fields": {
			"first_name": "Diana",
			"middle_name": "R.",
			"last_name": "Singh",
			"date_of_birth": "1990-12-05",
			"status": "churned",
			"last_visit": "2023-11-28",
			"ready_to_discharge": false,
			"created_at": "2023-05-10T00:00:00Z",
			"updated_at": "2023-11-28T00:00:00Z"
		}
	},
	{
		"model": "patients.address",
		"pk": 27,
		"fields": {
			"patient": 27,
			"address_line1": "2323 Maple Ave",
			"address_line2": "Unit 6",
			"city": "New York",
			"state": "NY",
			"postal_code": "10001"
		}
	},
	{
		"model": "patients.patient",
		"pk": 28,
		"fields": {
			"first_name": "Ethan",
			"middle_name": "",
			"last_name": "Wong",
			"date_of_birth": "1985-04-18",
			"status": "active",
			"last_visit": "2023-12-20",
			"ready_to_discharge": true,
			"created_at": "2023-09-05T00:00:00Z",
			"updated_at": "2023-12-20T00:00:00Z"
		}
	},
	{
		"model": "patients.isiscore",
		"pk": 28,
		"fields": {
			"patient": 28,
			"score": 8,
			"date": "2023-12-20"
		}
	},
	{
		"model": "patients.patient",
		"pk": 29,
		"fields": {
			"first_name": "Fiona",
			"middle_name": "L.",
			"last_name": "Park",
			"date_of_birth": "1994-07-25",
			"status": "inquiry",
			"last_visit": null,
			"ready_to_discharge": false,
			"created_at": "2023-12-15T00:00:00Z",
			"updated_at": "2023-12-15T00:00:00Z"
		}
	},
	{
		"model": "patients.address",
		"pk": 29,
		"fields": {
			"patient": 29,
			"address_line1": "2424 Cedar St",
			"address_line2": "Apt 9C",
			"city": "Seattle",
			"state": "WA",
			"postal_code": "98101"
		}
	},
	{
		"model": "patients.patient",
		"pk": 30,
		"fields": {
			"first_name": "George",
			"middle_name": "T.",
			"last_name": "Zhang",
			"date_of_birth": "1983-11-12",
			"status": "active",
			"last_visit": "2023-12-21",
			"ready_to_discharge": false,
			"created_at": "2023-10-10T00:00:00Z",
			"updated_at": "2023-12-21T00:00:00Z"
		}
	},
	{
		"model": "patients.isiscore",
		"pk": 30,
		"fields": {
			"patient": 30,
			"score": 11,
			"date": "2023-12-21"
		}
	},
	{
		"model": "patients.patient",
		"pk": 31,
		"fields": {
			"first_name": "Hannah",
			"middle_name": "",
			"last_name": "Liu",
			"date_of_birth": "1996-03-08",
			"status": "onboarding",
			"last_visit": "2023-12-22",
			"ready_to_discharge": false,
			"created_at": "2023-11-25T00:00:00Z",
			"updated_at": "2023-12-22T00:00:00Z"
		}
	},
	{
		"model": "patients.address",
		"pk": 31,
		"fields": {
			"patient": 31,
			"address_line1": "2525 Birch Rd",
			"address_line2": "",
			"city": "Boston",
			"state": "MA",
			"postal_code": "02108"
		}
	},
	{
		"model": "patients.patient",
		"pk": 32,
		"fields": {
			"first_name": "Ian",
			"middle_name": "K.",
			"last_name": "Khan",
			"date_of_birth": "1989-06-30",
			"status": "active",
			"last_visit": "2023-12-23",
			"ready_to_discharge": false,
			"created_at": "2023-08-15T00:00:00Z",
			"updated_at": "2023-12-23T00:00:00Z"
		}
	},
	{
		"model": "patients.isiscore",
		"pk": 32,
		"fields": {
			"patient": 32,
			"score": 15,
			"date": "2023-12-23"
		}
	},
	{
		"model": "patients.patient",
		"pk": 33,
		"fields": {
			"first_name": "Julia",
			"middle_name": "M.",
			"last_name": "Choi",
			"date_of_birth": "1993-01-15",
			"status": "churned",
			"last_visit": "2023-11-29",
			"ready_to_discharge": false,
			"created_at": "2023-06-15T00:00:00Z",
			"updated_at": "2023-11-29T00:00:00Z"
		}
	},
	{
		"model": "patients.address",
		"pk": 33,
		"fields": {
			"patient": 33,
			"address_line1": "2626 Willow Way",
			"address_line2": "Suite 200",
			"city": "Chicago",
			"state": "IL",
			"postal_code": "60601"
		}
	},
	{
		"model": "patients.patient",
		"pk": 34,
		"fields": {
			"first_name": "Kevin",
			"middle_name": "",
			"last_name": "Patel",
			"date_of_birth": "1986-08-22",
			"status": "active",
			"last_visit": "2023-12-24",
			"ready_to_discharge": true,
			"created_at": "2023-09-20T00:00:00Z",
			"updated_at": "2023-12-24T00:00:00Z"
		}
	},
	{
		"model": "patients.isiscore",
		"pk": 34,
		"fields": {
			"patient": 34,
			"score": 7,
			"date": "2023-12-24"
		}
	},
	{
		"model": "patients.patient",
		"pk": 35,
		"fields": {
			"first_name": "Luna",
			"middle_name": "S.",
			"last_name": "Gupta",
			"date_of_birth": "1997-04-05",
			"status": "inquiry",
			"last_visit": null,
			"ready_to_discharge": false,
			"created_at": "2023-12-20T00:00:00Z",
			"updated_at": "2023-12-20T00:00:00Z"
		}
	},
	{
		"model": "patients.address",
		"pk": 35,
		"fields": {
			"patient": 35,
			"address_line1": "2727 Spruce St",
			"address_line2": "Apt 5B",
			"city": "Los Angeles",
			"state": "CA",
			"postal_code": "90001"
		}
	},
	{
		"model": "patients.patient",
		"pk": 36,
		"fields": {
			"first_name": "Marcus",
			"middle_name": "D.",
			"last_name": "Lee",
			"date_of_birth": "1984-10-18",
			"status": "active",
			"last_visit": "2023-12-25",
			"ready_to_discharge": false,
			"created_at": "2023-10-15T00:00:00Z",
			"updated_at": "2023-12-25T00:00:00Z"
		}
	},
	{
		"model": "patients.isiscore",
		"pk": 36,
		"fields": {
			"patient": 36,
			"score": 13,
			"date": "2023-12-25"
		}
	},
	{
		"model": "patients.patient",
		"pk": 37,
		"fields": {
			"first_name": "Nina",
			"middle_name": "",
			"last_name": "Wang",
			"date_of_birth": "1991-02-28",
			"status": "onboarding",
			"last_visit": "2023-12-26",
			"ready_to_discharge": false,
			"created_at": "2023-12-05T00:00:00Z",
			"updated_at": "2023-12-26T00:00:00Z"
		}
	},
	{
		"model": "patients.address",
		"pk": 37,
		"fields": {
			"patient": 37,
			"address_line1": "2828 Oak Ave",
			"address_line2": "",
			"city": "San Francisco",
			"state": "CA",
			"postal_code": "94102"
		}
	},
	{
		"model": "patients.patient",
		"pk": 38,
		"fields": {
			"first_name": "Oscar",
			"middle_name": "P.",
			"last_name": "Kim",
			"date_of_birth": "1988-07-14",
			"status": "active",
			"last_visit": "2023-12-27",
			"ready_to_discharge": false,
			"created_at": "2023-08-25T00:00:00Z",
			"updated_at": "2023-12-27T00:00:00Z"
		}
	},
	{
		"model": "patients.isiscore",
		"pk": 38,
		"fields": {
			"patient": 38,
			"score": 16,
			"date": "2023-12-27"
		}
	},
	{
		"model": "patients.patient",
		"pk": 39,
		"fields": {
			"first_name": "Penelope",
			"middle_name": "R.",
			"last_name": "Chen",
			"date_of_birth": "1995-12-03",
			"status": "churned",
			"last_visit": "2023-11-27",
			"ready_to_discharge": false,
			"created_at": "2023-07-20T00:00:00Z",
			"updated_at": "2023-11-27T00:00:00Z"
		}
	},
	{
		"model": "patients.address",
		"pk": 39,
		"fields": {
			"patient": 39,
			"address_line1": "2929 Pine St",
			"address_line2": "Unit 7A",
			"city": "Houston",
			"state": "TX",
			"postal_code": "77001"
		}
	},
	{
		"model": "patients.patient",
		"pk": 40,
		"fields": {
			"first_name": "Quinn",
			"middle_name": "",
			"last_name": "Nguyen",
			"date_of_birth": "1987-05-20",
			"status": "active",
			"last_visit": "2023-12-28",
			"ready_to_discharge": true,
			"created_at": "2023-09-30T00:00:00Z",
			"updated_at": "2023-12-28T00:00:00Z"
		}
	},
	{
		"model": "patients.isiscore",
		"pk": 40,
		"fields": {
			"patient": 40,
			"score": 9,
			"date": "2023-12-28"
		}
	},
	{
		"model": "patients.patient",
		"pk": 41,
		"fields": {
			"first_name": "Ryan",
			"middle_name": "L.",
			"last_name": "Singh",
			"date_of_birth": "1994-09-15",
			"status": "inquiry",
			"last_visit": null,
			"ready_to_discharge": false,
			"created_at": "2023-12-25T00:00:00Z",
			"updated_at": "2023-12-25T00:00:00Z"
		}
	},
	{
		"model": "patients.address",
		"pk": 41,
		"fields": {
			"patient": 41,
			"address_line1": "3030 Maple Dr",
			"address_line2": "Apt 3D",
			"city": "Miami",
			"state": "FL",
			"postal_code": "33101"
		}
	},
	{
		"model": "patients.patient",
		"pk": 42,
		"fields": {
			"first_name": "Sophia",
			"middle_name": "M.",
			"last_name": "Wong",
			"date_of_birth": "1989-03-10",
			"status": "active",
			"last_visit": "2023-12-29",
			"ready_to_discharge": false,
			"created_at": "2023-10-20T00:00:00Z",
			"updated_at": "2023-12-29T00:00:00Z"
		}
	},
	{
		"model": "patients.isiscore",
		"pk": 42,
		"fields": {
			"patient": 42,
			"score": 12,
			"date": "2023-12-29"
		}
	},
	{
		"model": "patients.patient",
		"pk": 43,
		"fields": {
			"first_name": "Thomas",
			"middle_name": "",
			"last_name": "Park",
			"date_of_birth": "1996-06-25",
			"status": "onboarding",
			"last_visit": "2023-12-30",
			"ready_to_discharge": false,
			"created_at": "2023-12-10T00:00:00Z",
			"updated_at": "2023-12-30T00:00:00Z"
		}
	},
	{
		"model": "patients.address",
		"pk": 43,
		"fields": {
			"patient": 43,
			"address_line1": "3131 Cedar Ave",
			"address_line2": "",
			"city": "Seattle",
			"state": "WA",
			"postal_code": "98101"
		}
	}
]
